,,,MIME,,Format,,Version,,extension,,count,,,Size,,,
1,1,1,application/dicom,,DICOM medical imaging data,,,,.dcm,,86,0.00%,,"7,649,083,598",7.6,GB,0.00%
2,2,1,application/epub+zip,,EPUB,,,,.epub,,86,0.00%,,"99,017,112",99,MB,0.00%
3,3,1,application/java-archive,,Java Archive Format,,,,.jar,,2,0.00%,,"306,230",306.2,KB,0.00%
4,4,1,application/java-vm,,Java Class File,,,,.class,,2,0.00%,,"3,434",3.4,KB,0.00%
5,5,1,application/javascript,,JavaScript file,,,,.js,,25,0.00%,,"646,980",647,KB,0.00%
6,6,1,application/mbox,,MBOX,,,,.mbox,,2,0.00%,,"2,046,692",2,MB,0.00%
7,7,1,"application/mp4, video/mp4",,MPEG-4 Media File,,,,.mp4,,1,0.00%,,"3,204,266",3.2,MB,0.00%
8,8,1,application/msword,,Microsoft Word Binary File Format,,2,,.doc,,16,0.00%,,"297,668",297.7,KB,0.00%
9,8,2,application/msword,,Microsoft Word Binary File Format,,2000102700,,.doc,,1,0.00%,,"86,016",86,KB,0.00%
10,8,3,application/msword,,Microsoft Word Binary File Format,,3,,.doc,,1,0.00%,,"30,778",30.8,KB,0.00%
11,8,4,application/msword,,Microsoft Word Binary File Format,,3,,,,66,0.00%,,"299,520",299.5,KB,0.00%
12,8,5,application/msword,,Microsoft Word Binary File Format,,4,,.doc,,16,0.00%,,"210,387",210.4,KB,0.00%
13,8,6,application/msword,,Microsoft Word Binary File Format,,4,,,,3,0.00%,,"16,384",16.4,KB,0.00%
14,8,7,application/msword,,Microsoft Word Binary File Format,,5,,.doc,,98,0.00%,,"1,558,528",1.6,MB,0.00%
15,8,8,application/msword,,Microsoft Word Binary File Format,,5,,,,9,0.00%,,"54,272",54.3,KB,0.00%
16,8,9,application/msword,,Microsoft Word Binary File Format,,6.0/95,,.doc,,129,0.00%,,"3,981,824",4,MB,0.00%
17,8,10,application/msword,,Microsoft Word Binary File Format,,97-2003,,.doc,,"6,404",0.01%,,"1,082,933,248",1.1,GB,0.00%
18,8,11,application/msword,,Microsoft Word Binary File Format,,97-2003,,.dot,,8,0.00%,,"1,597,952",1.6,MB,0.00%
19,8,12,application/msword,,Microsoft Word Binary File Format,,97-2003,,.xls,,2,0.00%,,"100,864",100.9,KB,0.00%
20,8,13,application/msword,,Microsoft Word Binary File Format,,97-2003,,,,1,0.00%,,"19,456",19.5,KB,0.00%
21,8,14,application/msword,,Microsoft Word Binary File Format,,,,.doc,,"1,053",0.00%,,"350,712,320",350.7,MB,0.00%
22,8,15,application/msword,,Microsoft Word Binary File Format,,,,.rpt,,1,0.00%,,"978,944",978.9,KB,0.00%
23,8,16,application/msword,,Microsoft Word Binary File Format,,,,.xls,,172,0.00%,,"3,396,096",3.4,MB,0.00%
24,8,17,application/msword,,Microsoft Word Document,,97-2003,,.doc,,1,0.00%,,"117,248",117.2,KB,0.00%
25,8,18,application/msword,,Microsoft Word Document,,,,.doc,,1,0.00%,,"233,984",234,KB,0.00%
26,9,1,application/mxf,,Material Exchange Format (MXF),,Operational Pattern 1a,,.mov,,3,0.00%,,"234,982,549,316",235,GB,0.04%
27,9,2,application/mxf,,Material Exchange Format (MXF),,Operational Pattern 1a,,.mxf,,25,0.00%,,"535,918,300,036",535.9,GB,0.10%
28,9,3,application/mxf,,Material Exchange Format (MXF),,,,.mxf,,49,0.00%,,"1,555,656,454,364",1.6,TB,0.29%
29,10,1,application/octet-stream,,Blender 3D,,64 bit,,.blend,,1,0.00%,,"138,473,620",138.5,MB,0.00%
30,10,2,application/octet-stream,,Blender 3D,,64 bit,,.blend1,,1,0.00%,,"46,493,328",46.5,MB,0.00%
31,10,3,application/octet-stream,,FileMaker Pro Database,,1,,,,1,0.00%,,"31,744",31.7,KB,0.00%
32,10,4,application/octet-stream,,Maple help database,,,,.ttc,,1,0.00%,,434,434,B,0.00%
33,10,5,application/octet-stream,,Matlab v5 mat-file (little endian) version 0x0100,,,,.fda,,1,0.00%,,"3,229",3.2,KB,0.00%
34,10,6,application/octet-stream,,Microsoft Office Owner File,,,,,,4,0.00%,,648,648,B,0.00%
35,10,7,application/octet-stream,,OLE2 Compound Document Format,,,,.wps,,4,0.00%,,"31,744",31.7,KB,0.00%
36,10,8,application/octet-stream,,Origin Project Format,,Non-Unicode,,.opj,,1,0.00%,,"218,252",218.3,KB,0.00%
37,10,9,application/octet-stream,,STL (Standard Tessellation Language) Binary,,,,.stl,,2,0.00%,,"143,121,468",143.1,MB,0.00%
38,10,10,application/octet-stream,,TTComp archive data,,,,,,1,0.00%,,"442,172",442.2,KB,0.00%
39,10,11,application/octet-stream,,Unknown Binary,,,,.bg,,18,0.00%,,"381,340",381.3,KB,0.00%
40,10,12,application/octet-stream,,Unknown Binary,,,,.form,,1,0.00%,,"209,276,735",209.3,MB,0.00%
41,10,13,application/octet-stream,,Unknown Binary,,,,.prs,,1,0.00%,,"39,594,164",39.6,MB,0.00%
42,10,14,application/octet-stream,,Unknown Binary,,,,.rti,,12,0.00%,,"611,102,268",611.1,MB,0.00%
43,10,15,application/octet-stream,,Unknown Binary,,,,,,37,0.00%,,"1,645,102",1.6,MB,0.00%
44,11,1,application/onenote; format=onetoc2,,OneNote Table of Contents,,,,.onetoc2,,2,0.00%,,"8,736",8.7,KB,0.00%
45,12,1,application/pdf,,PDF/A,,1,,.pdf,,136,0.00%,,"2,123,040,872",2.1,GB,0.00%
46,12,2,application/pdf,,PDF/A,,1.4,,.pdf,,"6,548",0.01%,,"15,576,499,396",15.6,GB,0.00%
47,12,3,application/pdf,,PDF/A,,1.6,,.pdf,,9,0.00%,,"36,543,864",36.5,MB,0.00%
48,12,4,application/pdf,,PDF/A,,1a,,.pdf,,301,0.00%,,"20,081,543,579",20.1,GB,0.00%
49,12,5,application/pdf,,PDF/A,,1b,,.pdf,,"71,752",0.06%,,"555,401,764,243",555.4,GB,0.10%
50,12,6,application/pdf,,PDF/A,,2a,,.pdf,,24,0.00%,,"187,467,185",187.5,MB,0.00%
51,12,7,application/pdf,,PDF/A,,2b,,.pdf,,"23,803",0.02%,,"1,153,715,463,356",1.2,TB,0.21%
52,12,8,application/pdf,,PDF/A,,3a,,.pdf,,90,0.00%,,"70,375,363,496",70.4,GB,0.01%
53,12,9,application/pdf,,PDF/A,,3b,,.pdf,,13,0.00%,,"572,820,587",572.8,MB,0.00%
54,12,10,application/pdf,,PDF/A,,A-1a,,.pdf,,1,0.00%,,"26,494,854",26.5,MB,0.00%
55,12,11,application/pdf,,PDF/A,,A-1b,,.pdf,,1,0.00%,,"37,480,843",37.5,MB,0.00%
56,12,12,application/pdf,,PDF/A,,A-2b,,.pdf,,4,0.00%,,"1,210,534,947",1.2,GB,0.00%
57,12,13,application/pdf,,PDF/A,,,,.pdf,,205,0.00%,,"36,700,349,732",36.7,GB,0.01%
58,12,14,application/pdf,,PDF/X,,1a:2003,,.pdf,,4,0.00%,,"2,598,882",2.6,MB,0.00%
59,12,15,application/pdf,,PDF/X,,1.515972222,,.pdf,,10,0.00%,,"58,683,692",58.7,MB,0.00%
60,12,16,application/pdf,,PDF/X,,PDF/X-3:2002,,.pdf,,1,0.00%,,"1,367,980",1.4,MB,0.00%
61,12,17,application/pdf,,PDF/X,,PDF/X-4,,.pdf,,7,0.00%,,"15,194,780",15.2,MB,0.00%
62,12,18,application/pdf,,Portable Document Format,,1,,.pdf,,1,0.00%,,"14,926,046",14.9,MB,0.00%
63,12,19,application/pdf,,Portable Document Format,,1.1,,.pdf,,1,0.00%,,"45,228",45.2,KB,0.00%
64,12,20,application/pdf,,Portable Document Format,,1.2,,.pdf,,63,0.00%,,"39,787,124",39.8,MB,0.00%
65,12,21,application/pdf,,Portable Document Format,,1.3,,.pdf,,"4,111",0.00%,,"128,774,651,776",128.8,GB,0.02%
66,12,22,application/pdf,,Portable Document Format,,1.4,,.pdf,,"16,040",0.01%,,"270,459,472,078",270.5,GB,0.05%
67,12,23,application/pdf,,Portable Document Format,,1.5,,.pdf,,"5,666",0.00%,,"114,995,403,923",115,GB,0.02%
68,12,24,application/pdf,,Portable Document Format,,1.6,,.pdf,,"4,131",0.00%,,"187,652,439,143",187.7,GB,0.03%
69,12,25,application/pdf,,Portable Document Format,,1.7,,.pdf,,"3,175",0.00%,,"10,156,382,449",10.2,GB,0.00%
70,12,26,application/pdf,,Portable Document Format,,2,,.pdf,,2,0.00%,,"16,841,166",16.8,MB,0.00%
71,13,1,application/postscript,,Adobe Illustrator,,3.0 / 3.2,,,,1,0.00%,,"15,953",16,KB,0.00%
72,13,2,application/postscript,,Adobe Illustrator,,8,,.ai,,2,0.00%,,"388,984",389,KB,0.00%
73,13,3,application/postscript,,Adobe Illustrator,,,,.ai,,2,0.00%,,"3,680,958",3.7,MB,0.00%
74,13,4,application/postscript,,Encapsulated PostScript File Format,,3,,.eps,,3,0.00%,,"731,720",731.7,KB,0.00%
75,13,5,application/postscript,,PostScript,,3,,.ps,,1,0.00%,,"1,024,381",1,MB,0.00%
76,14,1,application/rtf,,Rich Text Format (RTF),,0,,.rtf,,1,0.00%,,"4,155",4.2,KB,0.00%
77,14,2,application/rtf,,Rich Text Format (RTF),,1.0-1.4,,.rtf,,28,0.00%,,"2,569,496",2.6,MB,0.00%
78,14,3,application/rtf,,Rich Text Format (RTF),,1.5-1.6,,.doc,,38,0.00%,,"12,003,177",12,MB,0.00%
79,14,4,application/rtf,,Rich Text Format (RTF),,1.5-1.6,,.rtf,,18,0.00%,,"6,424,135",6.4,MB,0.00%
80,14,5,application/rtf,,Rich Text Format (RTF),,1.7,,.rtf,,4,0.00%,,"520,906",520.9,KB,0.00%
81,14,6,application/rtf,,Rich Text Format (RTF),,1.9,,.doc,,2,0.00%,,"625,827",625.8,KB,0.00%
82,14,7,application/rtf,,Rich Text Format (RTF),,1.9,,.rtf,,343,0.00%,,"3,568,984,680",3.6,GB,0.00%
83,15,1,application/vnd.iccprofile,,ICC,,,,.icc,,9,0.00%,,"472,992",473,KB,0.00%
84,15,2,application/vnd.iccprofile,,ICC,,,,.icm,,33,0.00%,,"11,777,930",11.8,MB,0.00%
85,15,3,application/vnd.iccprofile,,ICC,,,,,,2,0.00%,,"888,656",888.7,KB,0.00%
86,16,1,application/vnd.microsoft.portable-executable,,Windows Portable Executable,,64 bit,,.exe,,1,0.00%,,"28,855,216",28.9,MB,0.00%
87,17,1,application/vnd.ms-cab-compressed,,Windows Cabinet File,,,,.xsn,,2,0.00%,,"71,275",71.3,KB,0.00%
88,18,1,application/vnd.ms-excel,,Microsoft Excel,,4S,,.xls,,16,0.00%,,"142,971",143,KB,0.00%
89,18,2,application/vnd.ms-excel,,Microsoft Excel,,8,,.xls,,735,0.00%,,"73,585,152",73.6,MB,0.00%
90,18,3,application/vnd.ms-excel,,Microsoft Excel,,8,,.xlt,,1,0.00%,,"17,920",17.9,KB,0.00%
91,18,4,application/vnd.ms-excel,,Microsoft Excel,,8,,,,1,0.00%,,"35,328",35.3,KB,0.00%
92,18,5,application/vnd.ms-excel,,Microsoft Excel,,,,.xlk,,3,0.00%,,"241,664",241.7,KB,0.00%
93,18,6,application/vnd.ms-excel,,Microsoft Excel,,,,.xls,,"1,109",0.00%,,"430,123,520",430.1,MB,0.00%
94,18,7,application/vnd.ms-excel,,Microsoft Excel,,,,,,1,0.00%,,"7,680",7.7,KB,0.00%
95,18,8,application/vnd.ms-excel,,Microsoft Excel 5.0 Worksheet,,,,.xls,,1,0.00%,,"13,312",13.3,KB,0.00%
96,18,9,application/vnd.ms-excel,,Microsoft Excel Worksheet,,,,.xls,,3,0.00%,,"31,324",31.3,KB,0.00%
97,18,10,application/vnd.ms-excel,,XLT,,,,.xlt,,1,0.00%,,"31,744",31.7,KB,0.00%
98,19,1,application/vnd.ms-excel.sheet.macroEnabled,,XLSM,,,,.xlsm,,1,0.00%,,"309,248",309.2,KB,0.00%
99,20,1,application/vnd.ms-powerpoint,,Microsoft Powerpoint Presentation,,97-2003,,.ppt,,162,0.00%,,"3,140,215,296",3.1,GB,0.00%
100,21,1,application/vnd.oasis.opendocument.formula,,OpenDocument Formula,,,,.odf,,3,0.00%,,"19,620",19.6,KB,0.00%
101,22,1,application/vnd.oasis.opendocument.graphics,,OpenDocument Graphics,,1.2,,.odg,,3,0.00%,,"27,177",27.2,KB,0.00%
102,22,2,application/vnd.oasis.opendocument.graphics,,OpenDocument Graphics,,1.2,,.otg,,3,0.00%,,"27,204",27.2,KB,0.00%
103,23,1,application/vnd.oasis.opendocument.presentation,,OpenDocument Presentation,,1.2,,.odp,,3,0.00%,,"29,406",29.4,KB,0.00%
104,23,2,application/vnd.oasis.opendocument.presentation,,OpenDocument Presentation,,1.2,,.otp,,3,0.00%,,"29,463",29.5,KB,0.00%
105,24,1,application/vnd.oasis.opendocument.spreadsheet,,OpenDocument Spreadsheet,,1.1,,.ods,,2,0.00%,,"141,693",141.7,KB,0.00%
106,24,2,application/vnd.oasis.opendocument.spreadsheet,,OpenDocument Spreadsheet,,1.2,,.ods,,3,0.00%,,"21,099",21.1,KB,0.00%
107,25,1,application/vnd.oasis.opendocument.spreadsheet-template,,OpenDocument Spreadsheet Template,,,,.ots,,2,0.00%,,"14,096",14.1,KB,0.00%
108,26,1,application/vnd.oasis.opendocument.text,,OpenDocument Text,,1.1,,.odt,,25,0.00%,,"46,559,284",46.6,MB,0.00%
109,26,2,application/vnd.oasis.opendocument.text,,OpenDocument Text,,1.2,,.odt,,1,0.00%,,"22,697",22.7,KB,0.00%
110,26,3,application/vnd.oasis.opendocument.text,,OpenDocument Text,,1.2,,.oth,,3,0.00%,,"23,145",23.1,KB,0.00%
111,26,4,application/vnd.oasis.opendocument.text,,OpenDocument Text,,1.2,,.ott,,3,0.00%,,"60,324",60.3,KB,0.00%
112,26,5,application/vnd.oasis.opendocument.text,,OpenDocument Text,,2,,.docx,,3,0.00%,,"27,196,222",27.2,MB,0.00%
113,26,6,application/vnd.oasis.opendocument.text,,OpenDocument Text,,2,,.mph,,1,0.00%,,"8,235,633",8.2,MB,0.00%
114,26,7,application/vnd.oasis.opendocument.text,,OpenDocument Text,,2,,.pptx,,1,0.00%,,"43,595,588",43.6,MB,0.00%
115,26,8,application/vnd.oasis.opendocument.text,,OpenDocument Text,,2,,.xlsx,,30,0.00%,,"28,469,399",28.5,MB,0.00%
116,26,9,application/vnd.oasis.opendocument.text,,OpenDocument Text,,,,.xlsx,,6,0.00%,,"6,536,999",6.5,MB,0.00%
117,27,1,application/vnd.oasis.opendocument.text-master,,OpenDocument Master Document,,,,.odm,,3,0.00%,,"22,071",22.1,KB,0.00%
118,28,1,application/vnd.openxmlformats-officedocument.presentationml.presentation,,Office Open XML Presentation,,2007 onwards,,.pptx,,1,0.00%,,"1,495,078",1.5,MB,0.00%
119,29,1,application/vnd.openxmlformats-officedocument.spreadsheetml.sheet,,Office Open XML Workbook,,2007 onwards,,.xlsx,,11,0.00%,,"760,638",760.6,KB,0.00%
120,29,2,application/vnd.openxmlformats-officedocument.spreadsheetml.sheet,,XLSX,,,,.xlsx,,25,0.00%,,"7,699,456",7.7,MB,0.00%
121,30,1,application/vnd.openxmlformats-officedocument.wordprocessingml.document,,Office Open XML Document,,2007 onwards,,.doc,,2,0.00%,,"68,049",68,KB,0.00%
122,30,2,application/vnd.openxmlformats-officedocument.wordprocessingml.document,,Office Open XML Document,,2007 onwards,,.docx,,"3,224",0.00%,,"1,765,070,391",1.8,GB,0.00%
123,30,3,application/vnd.openxmlformats-officedocument.wordprocessingml.document,,Office Open XML Document,,2007 onwards,,.pptx,,344,0.00%,,"4,996,790,872",5,GB,0.00%
124,30,4,application/vnd.openxmlformats-officedocument.wordprocessingml.document,,Office Open XML Document,,2007 onwards,,.vsdx,,1,0.00%,,"60,678",60.7,KB,0.00%
125,30,5,application/vnd.openxmlformats-officedocument.wordprocessingml.document,,Office Open XML Document,,2007 onwards,,.xlsm,,1,0.00%,,"467,317",467.3,KB,0.00%
126,30,6,application/vnd.openxmlformats-officedocument.wordprocessingml.document,,Office Open XML Document,,2007 onwards,,.xlsx,,943,0.00%,,"566,339,095",566.3,MB,0.00%
127,30,7,application/vnd.openxmlformats-officedocument.wordprocessingml.document,,Office Open XML Document,,,,.docx,,21,0.00%,,"1,316,566",1.3,MB,0.00%
128,31,1,application/vnd.visio,,Microsoft Visio Diagram,,,,.vsd,,1,0.00%,,"116,224",116.2,KB,0.00%
129,32,1,application/vnd.wordperfect,,WordPerfect Document,,5,,.doc,,2,0.00%,,"77,754",77.8,KB,0.00%
130,32,2,application/vnd.wordperfect,,WordPerfect Document,,5,,.wp,,10,0.00%,,"77,297",77.3,KB,0.00%
131,32,3,application/vnd.wordperfect,,WordPerfect Document,,5.1,,.doc,,5,0.00%,,"206,818",206.8,KB,0.00%
132,32,4,application/vnd.wordperfect,,WordPerfect Document,,5.1,,.wp,,12,0.00%,,"49,923",49.9,KB,0.00%
133,32,5,application/vnd.wordperfect,,WordPerfect Document,,5.2,,.wp,,22,0.00%,,"166,264",166.3,KB,0.00%
134,32,6,application/vnd.wordperfect,,WordPerfect Document,,5.2,,.wpd,,2,0.00%,,"113,149",113.1,KB,0.00%
135,32,7,application/vnd.wordperfect,,WordPerfect Document,,6,,.wpd,,38,0.00%,,"21,287,843",21.3,MB,0.00%
136,33,1,application/x-7z-compressed,,7-zip archive,,,,.7z,,3,0.00%,,"9,189,370,416",9.2,GB,0.00%
137,33,2,application/x-7z-compressed,,"7-zip archive data, version 0.4",,,,.7z,,7,0.00%,,"13,898,955",13.9,MB,0.00%
138,34,1,application/x-apple-diskimage,,Apple Disk Image,,,,.dmg,,3,0.00%,,"15,726,815",15.7,MB,0.00%
139,35,1,application/x-dosexec,,"PE32 executable (GUI) Intel 80386 (stripped to external PDB), for MS Windows, MS CAB-Installer self-extracting archive",,,,.exe,,1,0.00%,,"359,656",359.7,KB,0.00%
140,35,2,application/x-dosexec,,"PE32 executable (GUI) Intel 80386, for MS Windows",,,,.exe,,1,0.00%,,"1,228,240",1.2,MB,0.00%
141,36,1,application/x-empty,,empty,,,,.jp2,,5,0.00%,,0,0,B,0.00%
142,36,2,application/x-empty,,empty,,,,.xlsx,,1,0.00%,,0,0,B,0.00%
143,36,3,application/x-empty,,empty,,,,,,3,0.00%,,0,0,B,0.00%
144,37,1,application/x-filemaker,,FileMaker Pro Database,,3,,.fp5,,2,0.00%,,"181,248",181.2,KB,0.00%
145,37,2,application/x-filemaker,,FileMaker Pro Database,,3,,,,2,0.00%,,"2,040,832",2,MB,0.00%
146,38,1,application/x-font-ttf,,TTF,,,,.fmp12,,3,0.00%,,"68,177,920",68.2,MB,0.00%
147,38,2,application/x-font-ttf,,TTF,,,,.fp5,,87,0.00%,,"37,430,272",37.4,MB,0.00%
148,38,3,application/x-font-ttf,,TTF,,,,.fp7,,16,0.00%,,"73,224,192",73.2,MB,0.00%
149,38,4,application/x-font-ttf,,TTF,,,,,,7,0.00%,,"96,256",96.3,KB,0.00%
150,39,1,application/x-gzip,,GZIP Format,,,,.gz,,"43,096",0.04%,,"4,074,393,114,386",4.1,TB,0.75%
151,39,2,application/x-gzip,,GZIP Format,,,,.rdata,,2,0.00%,,"980,191",980.2,KB,0.00%
152,40,1,application/x-indesign,,INDD,,,,.indd,,3,0.00%,,"8,949,760",8.9,MB,0.00%
153,41,1,application/x-shockwave-flash,,Adobe Flash,,9,,.swf,,2,0.00%,,"48,478",48.5,KB,0.00%
154,42,1,application/x-tar,,POSIX tar archive (GNU),,,,.tar,,2,0.00%,,"411,739,494,400",411.7,GB,0.08%
155,43,1,application/x-tex-tfm,,TeX font metric data (±\002s),,,,,,1,0.00%,,"5,760",5.8,KB,0.00%
156,43,2,application/x-tex-tfm,,TeX font metric data (±\002z),,,,,,1,0.00%,,"5,839",5.8,KB,0.00%
157,44,1,application/zip,,ZIP Format,,1,,.ipa,,5,0.00%,,"123,703,568",123.7,MB,0.00%
158,44,2,application/zip,,ZIP Format,,1,,.xlsx,,2,0.00%,,"59,655",59.7,KB,0.00%
159,44,3,application/zip,,ZIP Format,,1,,.zip,,"861,822",0.75%,,"53,962,195,828,612",54,TB,9.97%
160,44,4,application/zip,,ZIP Format,,2,,.pptx,,28,0.00%,,"718,566,027",718.6,MB,0.00%
161,44,5,application/zip,,ZIP Format,,2,,.xlsx,,2,0.00%,,"34,752",34.8,KB,0.00%
162,44,6,application/zip,,ZIP Format,,2,,.zip,,"16,877",0.01%,,"1,617,446,698,093",1.6,TB,0.30%
163,44,7,application/zip,,ZIP Format,,,,.odb,,3,0.00%,,"5,871",5.9,KB,0.00%
164,44,8,application/zip,,ZIP Format,,,,.ots,,1,0.00%,,"7,048",7,KB,0.00%
165,44,9,application/zip,,ZIP Format,,,,.xlsx,,1,0.00%,,"29,019",29,KB,0.00%
166,44,10,application/zip,,ZIP Format,,,,.zip,,"16,541",0.01%,,"599,734,397,922",599.7,GB,0.11%
167,44,11,application/zip,,Zip archive data (empty),,,,.zip,,3,0.00%,,66,66,B,0.00%
168,45,1,audio/mp4,,MPEG-4 Audio,,,,.m4a,,3,0.00%,,"10,171,951",10.2,MB,0.00%
169,46,1,audio/mpeg,,MPEG 1/2 Audio Layer 3,,101,,.mp3,,45,0.00%,,"2,807,974,867",2.8,GB,0.00%
170,46,2,audio/mpeg,,MPEG 1/2 Audio Layer 3,,1,,.mp3,,"57,378",0.05%,,"3,454,496,309,867",3.5,TB,0.64%
171,46,3,audio/mpeg,,MPEG 1/2 Audio Layer 3,,2,,.mp3,,46,0.00%,,"286,606,487",286.6,MB,0.00%
172,46,4,audio/mpeg,,MPEG 1/2 Audio Layer 3,,2.5,,.mp3,,26,0.00%,,"26,907,124",26.9,MB,0.00%
173,46,5,audio/mpeg,,MPEG 1/2 Audio Layer 3,,,,.mp3,,"2,576",0.00%,,"160,878,734,058",160.9,GB,0.03%
174,46,6,audio/mpeg,,MPEG 1/2 Audio Layer 3,,,,.pkg,,2,0.00%,,"7,273,472",7.3,MB,0.00%
175,46,7,audio/mpeg,,MPEG 1/2 Audio Layer 3,,,,,,1,0.00%,,461,461,B,0.00%
176,47,1,audio/ogg,,Ogg Vorbis Codec Compressed Multimedia File,,0,,.ogg,,1,0.00%,,"840,391",840.4,KB,0.00%
177,48,1,audio/x-aiff,,Audio Interchange File Format,,,,.aif,,4,0.00%,,"191,707,080",191.7,MB,0.00%
178,48,2,audio/x-aiff,,Audio Interchange File Format,,,,.aiff,,7,0.00%,,"50,287,482",50.3,MB,0.00%
179,49,1,audio/x-wave,,WAVE,,,,.wav,,14,0.00%,,"20,210,216,656",20.2,GB,0.00%
180,49,2,audio/x-wave,,Waveform Audio,,0 PCM Encoding,,.wav,,"34,816",0.03%,,"11,013,764,863,108",11,TB,2.03%
181,49,3,audio/x-wave,,Waveform Audio,,1 Generic,,.wav,,1,0.00%,,"791,777,122",791.8,MB,0.00%
182,49,4,audio/x-wave,,Waveform Audio,,1 PCM Encoding,,.wav,,"1,073",0.00%,,"601,201,602,460",601.2,GB,0.11%
183,49,5,audio/x-wave,,Waveform Audio,,2 PCM Encoding,,.wav,,"46,477",0.04%,,"13,468,069,300,257",13.5,TB,2.49%
184,49,6,audio/x-wave,,Waveform Audio,,,,.wav,,"4,369",0.00%,,"1,853,577,868,774",1.9,TB,0.34%
185,50,1,image/bmp,,Windows Bitmap,,3,,.bmp,,4,0.00%,,"5,992,280",6,MB,0.00%
186,51,1,image/emf,,Microsoft Windows Enhanced Metafile,,3,,.emf,,1,0.00%,,"4,292",4.3,KB,0.00%
187,52,1,image/gif,,Graphics Interchange Format,,87a,,.gif,,2,0.00%,,"57,496",57.5,KB,0.00%
188,52,2,image/gif,,Graphics Interchange Format,,89a,,.gif,,87,0.00%,,"150,649,771",150.6,MB,0.00%
189,53,1,image/jp2,,JPEG 2000 JP2,,10,,.jp2,,388,0.00%,,"7,843,780,334",7.8,GB,0.00%
190,53,2,image/jp2,,JPEG 2000 JP2,,10.1,,.jp2,,"8,304",0.01%,,"143,897,207,025",143.9,GB,0.03%
191,53,3,image/jp2,,JPEG 2000 JP2,,10.2,,.jp2,,"4,971",0.00%,,"96,143,136,485",96.1,GB,0.02%
192,53,4,image/jp2,,JPEG 2000 JP2,,10.2.1,,.jp2,,"1,601",0.00%,,"20,723,905,302",20.7,GB,0.00%
193,53,5,image/jp2,,JPEG 2000 JP2,,10.3,,.jp2,,"15,699",0.01%,,"284,814,622,964",284.8,GB,0.05%
194,53,6,image/jp2,,JPEG 2000 JP2,,10.4,,.jp2,,"19,656",0.02%,,"135,544,341,194",135.5,GB,0.03%
195,53,7,image/jp2,,JPEG 2000 JP2,,10.5,,.jp2,,"8,331",0.01%,,"152,986,127,488",153,GB,0.03%
196,53,8,image/jp2,,JPEG 2000 JP2,,11,,.jp2,,"16,996",0.01%,,"279,854,267,364",279.9,GB,0.05%
197,53,9,image/jp2,,JPEG 2000 JP2,,11.1,,.jp2,,"26,464",0.02%,,"491,255,297,473",491.3,GB,0.09%
198,53,10,image/jp2,,JPEG 2000 JP2,,11.2,,.jp2,,"5,043",0.00%,,"77,466,554,010",77.5,GB,0.01%
199,53,11,image/jp2,,JPEG 2000 JP2,,11.2.1,,.jp2,,378,0.00%,,"9,826,281,379",9.8,GB,0.00%
200,53,12,image/jp2,,JPEG 2000 JP2,,11.3,,.jp2,,"46,885",0.04%,,"324,839,780,230",324.8,GB,0.06%
201,53,13,image/jp2,,JPEG 2000 JP2,,11.3.1,,.jp2,,939,0.00%,,"21,248,773,496",21.2,GB,0.00%
202,53,14,image/jp2,,JPEG 2000 JP2,,11.4,,.jp2,,"5,315",0.00%,,"89,131,531,412",89.1,GB,0.02%
203,53,15,image/jp2,,JPEG 2000 JP2,,11.4.1,,.jp2,,"5,086",0.00%,,"88,114,290,138",88.1,GB,0.02%
204,53,16,image/jp2,,JPEG 2000 JP2,,12,,.jp2,,"44,223",0.04%,,"310,943,087,213",310.9,GB,0.06%
205,53,17,image/jp2,,JPEG 2000 JP2,,12.1,,.jp2,,"10,471",0.01%,,"220,781,781,866",220.8,GB,0.04%
206,53,18,image/jp2,,JPEG 2000 JP2,,12.2,,.jp2,,"9,564",0.01%,,"417,215,681,057",417.2,GB,0.08%
207,53,19,image/jp2,,JPEG 2000 JP2,,12.2.1,,.jp2,,120,0.00%,,"3,005,298,238",3,GB,0.00%
208,53,20,image/jp2,,JPEG 2000 JP2,,12.3,,.jp2,,"4,842",0.00%,,"102,983,245,754",103,GB,0.02%
209,53,21,image/jp2,,JPEG 2000 JP2,,12.4,,.jp2,,"52,070",0.05%,,"816,321,661,537",816.3,GB,0.15%
210,53,22,image/jp2,,JPEG 2000 JP2,,13,,.jp2,,13,0.00%,,"187,825,281",187.8,MB,0.00%
211,53,23,image/jp2,,JPEG 2000 JP2,,13.0.2,,.jp2,,621,0.00%,,"17,366,362,592",17.4,GB,0.00%
212,53,24,image/jp2,,JPEG 2000 JP2,,13.1,,.jp2,,"1,580",0.00%,,"20,661,310,238",20.7,GB,0.00%
213,53,25,image/jp2,,JPEG 2000 JP2,,13.2,,.jp2,,"3,724",0.00%,,"83,630,851,088",83.6,GB,0.02%
214,53,26,image/jp2,,JPEG 2000 JP2,,13.3,,.jp2,,"30,831",0.03%,,"599,610,178,671",599.6,GB,0.11%
215,53,27,image/jp2,,JPEG 2000 JP2,,14.2,,.jp2,,"16,160",0.01%,,"263,600,253,055",263.6,GB,0.05%
216,53,28,image/jp2,,JPEG 2000 JP2,,14.3,,.jp2,,"48,740",0.04%,,"412,390,015,912",412.4,GB,0.08%
217,53,29,image/jp2,,JPEG 2000 JP2,,14.4,,.jp2,,"2,977",0.00%,,"55,292,191,527",55.3,GB,0.01%
218,53,30,image/jp2,,JPEG 2000 JP2,,14.4.1,,.jp2,,"54,009",0.05%,,"414,768,431,386",414.8,GB,0.08%
219,53,31,image/jp2,,JPEG 2000 JP2,,14.5,,.jp2,,"155,667",0.14%,,"1,291,736,977,653",1.3,TB,0.24%
220,53,32,image/jp2,,JPEG 2000 JP2,,15,,.jp2,,"13,249",0.01%,,"299,672,116,325",299.7,GB,0.06%
221,53,33,image/jp2,,JPEG 2000 JP2,,15.1,,.jp2,,175,0.00%,,"3,091,287,881",3.1,GB,0.00%
222,53,34,image/jp2,,JPEG 2000 JP2,,15.1.1,,.jp2,,629,0.00%,,"18,949,388,147",18.9,GB,0.00%
223,53,35,image/jp2,,JPEG 2000 JP2,,15.2,,.jp2,,"43,748",0.04%,,"330,223,536,776",330.2,GB,0.06%
224,53,36,image/jp2,,JPEG 2000 JP2,,15.3,,.jp2,,"5,662",0.00%,,"54,543,690,148",54.5,GB,0.01%
225,53,37,image/jp2,,JPEG 2000 JP2,,15.3.1,,.jp2,,"35,652",0.03%,,"205,570,568,176",205.6,GB,0.04%
226,53,38,image/jp2,,JPEG 2000 JP2,,15.4,,.jp2,,"5,454",0.00%,,"73,578,611,744",73.6,GB,0.01%
227,53,39,image/jp2,,JPEG 2000 JP2,,15.4.1,,.jp2,,"13,553",0.01%,,"124,419,736,692",124.4,GB,0.02%
228,53,40,image/jp2,,JPEG 2000 JP2,,15.5,,.jp2,,"6,956",0.01%,,"103,514,806,788",103.5,GB,0.02%
229,53,41,image/jp2,,JPEG 2000 JP2,,15.5.1,,.jp2,,"8,300",0.01%,,"128,131,628,570",128.1,GB,0.02%
230,53,42,image/jp2,,JPEG 2000 JP2,,16,,.jp2,,"64,693",0.06%,,"758,317,686,357",758.3,GB,0.14%
231,53,43,image/jp2,,JPEG 2000 JP2,,16.0.1,,.jp2,,"7,888",0.01%,,"41,837,761,171",41.8,GB,0.01%
232,53,44,image/jp2,,JPEG 2000 JP2,,16.1,,.jp2,,"71,477",0.06%,,"538,682,618,855",538.7,GB,0.10%
233,53,45,image/jp2,,JPEG 2000 JP2,,16.1.1,,.jp2,,"54,008",0.05%,,"368,708,671,539",368.7,GB,0.07%
234,53,46,image/jp2,,JPEG 2000 JP2,,16.2,,.jp2,,"13,297",0.01%,,"116,537,262,339",116.5,GB,0.02%
235,53,47,image/jp2,,JPEG 2000 JP2,,16.2.1,,.jp2,,"4,266",0.00%,,"36,896,132,236",36.9,GB,0.01%
236,53,48,image/jp2,,JPEG 2000 JP2,,16.3,,.jp2,,10,0.00%,,"163,887,839",163.9,MB,0.00%
237,53,49,image/jp2,,JPEG 2000 JP2,,2,,.jp2,,67,0.00%,,"609,672,574",609.7,MB,0.00%
238,53,50,image/jp2,,JPEG 2000 JP2,,3,,.jp2,,"1,719",0.00%,,"12,993,991,141",13,GB,0.00%
239,53,51,image/jp2,,JPEG 2000 JP2,,3.2,,.jp2,,60,0.00%,,"472,966,486",473,MB,0.00%
240,53,52,image/jp2,,JPEG 2000 JP2,,3.3,,.jp2,,1,0.00%,,"8,541,871",8.5,MB,0.00%
241,53,53,image/jp2,,JPEG 2000 JP2,,3.6,,.jp2,,"3,893",0.00%,,"82,166,989,995",82.2,GB,0.02%
242,53,54,image/jp2,,JPEG 2000 JP2,,3.7,,.jp2,,72,0.00%,,"734,290,318",734.3,MB,0.00%
243,53,55,image/jp2,,JPEG 2000 JP2,,4,,.jp2,,46,0.00%,,"586,613,850",586.6,MB,0.00%
244,53,56,image/jp2,,JPEG 2000 JP2,,4.0x168,,.jp2,,2,0.00%,,"11,832,813",11.8,MB,0.00%
245,53,57,image/jp2,,JPEG 2000 JP2,,4.3.1,,.jp2,,124,0.00%,,"1,200,302,612",1.2,GB,0.00%
246,53,58,image/jp2,,JPEG 2000 JP2,,4.4.1,,.jp2,,154,0.00%,,"1,303,669,397",1.3,GB,0.00%
247,53,59,image/jp2,,JPEG 2000 JP2,,4.5,,.jp2,,244,0.00%,,"882,940,820",882.9,MB,0.00%
248,53,60,image/jp2,,JPEG 2000 JP2,,4.6,,.jp2,,81,0.00%,,"71,431,830",71.4,MB,0.00%
249,53,61,image/jp2,,JPEG 2000 JP2,,5,,.jp2,,68,0.00%,,"582,601,385",582.6,MB,0.00%
250,53,62,image/jp2,,JPEG 2000 JP2,,5.3,,.jp2,,22,0.00%,,"199,827,269",199.8,MB,0.00%
251,53,63,image/jp2,,JPEG 2000 JP2,,5.5,,.jp2,,"2,272",0.00%,,"20,640,144,440",20.6,GB,0.00%
252,53,64,image/jp2,,JPEG 2000 JP2,,5.7,,.jp2,,"2,434",0.00%,,"7,402,519,633",7.4,GB,0.00%
253,53,65,image/jp2,,JPEG 2000 JP2,,6,,.jp2,,"6,036",0.01%,,"6,647,753,086",6.6,GB,0.00%
254,53,66,image/jp2,,JPEG 2000 JP2,,6.1,,.jp2,,46,0.00%,,"1,641,244,367",1.6,GB,0.00%
255,53,67,image/jp2,,JPEG 2000 JP2,,6.2,,.jp2,,4,0.00%,,"32,551,369",32.6,MB,0.00%
256,53,68,image/jp2,,JPEG 2000 JP2,,6.4.1,,.jp2,,290,0.00%,,"4,588,654,149",4.6,GB,0.00%
257,53,69,image/jp2,,JPEG 2000 JP2,,6.5,,.jp2,,29,0.00%,,"324,018,146",324,MB,0.00%
258,53,70,image/jp2,,JPEG 2000 JP2,,6.6,,.jp2,,2,0.00%,,"10,846,298",10.8,MB,0.00%
259,53,71,image/jp2,,JPEG 2000 JP2,,6.7,,.jp2,,"11,187",0.01%,,"47,178,233,331",47.2,GB,0.01%
260,53,72,image/jp2,,JPEG 2000 JP2,,7,,.jp2,,150,0.00%,,"1,812,585,895",1.8,GB,0.00%
261,53,73,image/jp2,,JPEG 2000 JP2,,7.1,,.jp2,,25,0.00%,,"541,501,776",541.5,MB,0.00%
262,53,74,image/jp2,,JPEG 2000 JP2,,7.3,,.jp2,,2,0.00%,,"52,929,385",52.9,MB,0.00%
263,53,75,image/jp2,,JPEG 2000 JP2,,7.4,,.jp2,,6,0.00%,,"38,894,968",38.9,MB,0.00%
264,53,76,image/jp2,,JPEG 2000 JP2,,8,,.jp2,,35,0.00%,,"240,080,968",240.1,MB,0.00%
265,53,77,image/jp2,,JPEG 2000 JP2,,8.1,,.jp2,,335,0.00%,,"4,018,579,419",4,GB,0.00%
266,53,78,image/jp2,,JPEG 2000 JP2,,8.2,,.jp2,,403,0.00%,,"15,279,850,829",15.3,GB,0.00%
267,53,79,image/jp2,,JPEG 2000 JP2,,8.3,,.jp2,,"374,746",0.33%,,"2,911,249,464,758",2.9,TB,0.54%
268,53,80,image/jp2,,JPEG 2000 JP2,,8.4,,.jp2,,27,0.00%,,"104,468,150",104.5,MB,0.00%
269,53,81,image/jp2,,JPEG 2000 JP2,,8.5,,.jp2,,"73,896",0.06%,,"637,827,080,228",637.8,GB,0.12%
270,53,82,image/jp2,,JPEG 2000 JP2,,8.6,,.jp2,,"14,977",0.01%,,"242,063,477,115",242.1,GB,0.04%
271,53,83,image/jp2,,JPEG 2000 JP2,,8.7,,.jp2,,"196,563",0.17%,,"782,142,706,329",782.1,GB,0.14%
272,53,84,image/jp2,,JPEG 2000 JP2,,8.7.1,,.jp2,,"372,427",0.33%,,"2,427,296,958,450",2.4,TB,0.45%
273,53,85,image/jp2,,JPEG 2000 JP2,,8.8,,.jp2,,"1,397",0.00%,,"6,500,851,210",6.5,GB,0.00%
274,53,86,image/jp2,,JPEG 2000 JP2,,9,,.jp2,,"10,618",0.01%,,"76,045,948,525",76,GB,0.01%
275,53,87,image/jp2,,JPEG 2000 JP2,,9.1,,.jp2,,"2,962",0.00%,,"60,719,643,029",60.7,GB,0.01%
276,53,88,image/jp2,,JPEG 2000 JP2,,9.1.1,,.jp2,,"1,381,791",1.21%,,"9,705,925,066,298",9.7,TB,1.79%
277,53,89,image/jp2,,JPEG 2000 JP2,,9.1,,.jp2,,446,0.00%,,"5,513,767,632",5.5,GB,0.00%
278,53,90,image/jp2,,JPEG 2000 JP2,,9.10.1,,.jp2,,"1,713",0.00%,,"6,663,053,844",6.7,GB,0.00%
279,53,91,image/jp2,,JPEG 2000 JP2,,9.12,,.jp2,,"2,824",0.00%,,"36,248,877,601",36.2,GB,0.01%
280,53,92,image/jp2,,JPEG 2000 JP2,,9.12.1,,.jp2,,111,0.00%,,"1,611,532,799",1.6,GB,0.00%
281,53,93,image/jp2,,JPEG 2000 JP2,,9.2,,.jp2,,399,0.00%,,"9,852,522,481",9.9,GB,0.00%
282,53,94,image/jp2,,JPEG 2000 JP2,,9.4,,.jp2,,2,0.00%,,"119,392,900",119.4,MB,0.00%
283,53,95,image/jp2,,JPEG 2000 JP2,,9.6,,.jp2,,"2,120",0.00%,,"42,374,642,225",42.4,GB,0.01%
284,53,96,image/jp2,,JPEG 2000 JP2,,9.6.1,,.jp2,,"4,974",0.00%,,"112,266,215,824",112.3,GB,0.02%
285,53,97,image/jp2,,JPEG 2000 JP2,,9.7,,.jp2,,61,0.00%,,"499,265,484",499.3,MB,0.00%
286,53,98,image/jp2,,JPEG 2000 JP2,,9.8,,.jp2,,"1,161",0.00%,,"17,915,156,217",17.9,GB,0.00%
287,53,99,image/jp2,,JPEG 2000 JP2,,9.9,,.jp2,,917,0.00%,,"21,211,045,943",21.2,GB,0.00%
288,53,100,image/jp2,,JPEG 2000 JP2,,,,.jp2,,"39,622,760",34.58%,,"147,025,803,144,608",147,TB,27.16%
289,53,101,image/jp2,,JPEG 2000 JP2,,,,.jpf,,2,0.00%,,"17,377,734",17.4,MB,0.00%
290,53,102,image/jp2,,JPEG 2000 JP2,,,,.jpg,,23,0.00%,,"2,301,080",2.3,MB,0.00%
291,54,1,image/jpeg,,Exchangeable Image File Format,,130,,.jpg,,35,0.00%,,"54,963,987",55,MB,0.00%
292,54,2,image/jpeg,,Exchangeable Image File Format,,2.1,,.jpg,,320,0.00%,,"278,676,625",278.7,MB,0.00%
293,54,3,image/jpeg,,Exchangeable Image File Format,,2.1,,.tif,,139,0.00%,,"36,975,911,260",37,GB,0.01%
294,54,4,image/jpeg,,Exchangeable Image File Format,,2.2,,.jpg,,"9,003",0.01%,,"13,806,117,658",13.8,GB,0.00%
295,54,5,image/jpeg,,Exchangeable Image File Format,,2.2,,.tif,,2,0.00%,,"824,864,684",824.9,MB,0.00%
296,54,6,image/jpeg,,Exchangeable Image File Format,,2.2.1,,.jpg,,939,0.00%,,"2,022,056,940",2,GB,0.00%
297,54,7,image/jpeg,,Exchangeable Image File Format,,2.21,,.jpg,,"2,015",0.00%,,"10,011,329,502",10,GB,0.00%
298,54,8,image/jpeg,,Exchangeable Image File Format,,2.3,,.jpg,,"3,300",0.00%,,"11,152,113,241",11.2,GB,0.00%
299,54,9,image/jpeg,,Exchangeable Image File Format,,3.2,,.jpg,,6,0.00%,,"2,009,840",2,MB,0.00%
300,54,10,image/jpeg,,Exchangeable Image File Format,,3.7,,.jpg,,4,0.00%,,"1,770,270",1.8,MB,0.00%
301,54,11,image/jpeg,,Exchangeable Image File Format,,4,,.jpg,,4,0.00%,,"1,111,413",1.1,MB,0.00%
302,54,12,image/jpeg,,Exchangeable Image File Format,,5.2,,.jpg,,8,0.00%,,"3,951,260",4,MB,0.00%
303,54,13,image/jpeg,,Exchangeable Image File Format,,5.3,,.jpg,,6,0.00%,,"2,445,711",2.4,MB,0.00%
304,54,14,image/jpeg,,Exchangeable Image File Format,,5.7,,.jpg,,3,0.00%,,"18,733,155",18.7,MB,0.00%
305,54,15,image/jpeg,,Exchangeable Image File Format,,6,,.jpg,,"3,009",0.00%,,"1,044,131,248",1,GB,0.00%
306,54,16,image/jpeg,,Exchangeable Image File Format,,6.2,,.jpg,,150,0.00%,,"57,384,233",57.4,MB,0.00%
307,54,17,image/jpeg,,Exchangeable Image File Format,,6.3,,.jpg,,"1,252",0.00%,,"403,762,358",403.8,MB,0.00%
308,54,18,image/jpeg,,Exchangeable Image File Format,,6.4.1,,.jpg,,122,0.00%,,"55,726,120",55.7,MB,0.00%
309,54,19,image/jpeg,,Exchangeable Image File Format,,6.5,,.jpg,,210,0.00%,,"105,644,032",105.6,MB,0.00%
310,54,20,image/jpeg,,Exchangeable Image File Format,,6.6,,.jpg,,445,0.00%,,"238,596,239",238.6,MB,0.00%
311,54,21,image/jpeg,,Exchangeable Image File Format,,6.7,,.jpg,,21,0.00%,,"52,073,950",52.1,MB,0.00%
312,54,22,image/jpeg,,Exchangeable Image File Format,,7.4,,.jpg,,44,0.00%,,"695,089,096",695.1,MB,0.00%
313,54,23,image/jpeg,,Exchangeable Image File Format,,8.5,,.jpg,,12,0.00%,,"60,066,417",60.1,MB,0.00%
314,54,24,image/jpeg,,Exchangeable Image File Format,,8.7,,.jpg,,1,0.00%,,"3,203,479",3.2,MB,0.00%
315,54,25,image/jpeg,,Exchangeable Image File Format,,8.7.1,,.jpg,,8,0.00%,,"6,018,129",6,MB,0.00%
316,54,26,image/jpeg,,Exchangeable Image File Format,,9,,.jpg,,16,0.00%,,"27,572,906",27.6,MB,0.00%
317,54,27,image/jpeg,,Exchangeable Image File Format,,9.1,,.jpg,,40,0.00%,,"107,344,825",107.3,MB,0.00%
318,54,28,image/jpeg,,Exchangeable Image File Format,,9.1.1,,.jpg,,54,0.00%,,"108,058,356",108.1,MB,0.00%
319,54,29,image/jpeg,,Exchangeable Image File Format,,9.2,,.jpg,,27,0.00%,,"52,812,623",52.8,MB,0.00%
320,54,30,image/jpeg,,Exchangeable Image File Format,,,,.jpg,,"12,585",0.01%,,"12,303,008,437",12.3,GB,0.00%
321,54,31,image/jpeg,,JPEG,,,,.jpeg,,15,0.00%,,"11,017,676",11,MB,0.00%
322,54,32,image/jpeg,,JPEG,,,,.jpg,,"27,676",0.02%,,"6,517,220,478",6.5,GB,0.00%
323,54,33,image/jpeg,,JPEG EXIF,,1.01,,.bjpg,,8,0.00%,,"4,694,086",4.7,MB,0.00%
324,54,34,image/jpeg,,JPEG EXIF,,1.01,,.i1kg130070019,,1,0.00%,,"2,999,204",3,MB,0.00%
325,54,35,image/jpeg,,JPEG EXIF,,1.01,,.i1kg130070028,,1,0.00%,,"2,662,581",2.7,MB,0.00%
326,54,36,image/jpeg,,JPEG EXIF,,1.01,,.i1kg143730076,,1,0.00%,,"510,251",510.3,KB,0.00%
327,54,37,image/jpeg,,JPEG EXIF,,1.01,,.i1kg143730083,,1,0.00%,,"1,386,704",1.4,MB,0.00%
328,54,38,image/jpeg,,JPEG EXIF,,1.01,,.i1kg143750214,,1,0.00%,,"1,724,097",1.7,MB,0.00%
329,54,39,image/jpeg,,JPEG EXIF,,1.01,,.jg,,1,0.00%,,"4,042,089",4,MB,0.00%
330,54,40,image/jpeg,,JPEG EXIF,,1.01,,.jpeg,,425,0.00%,,"1,156,581,677",1.2,GB,0.00%
331,54,41,image/jpeg,,JPEG EXIF,,1.01,,.jpg,,"228,336",0.20%,,"83,570,805,111",83.6,GB,0.02%
332,54,42,image/jpeg,,JPEG EXIF,,1.02,,.jpeg,,167,0.00%,,"454,241,646",454.2,MB,0.00%
333,54,43,image/jpeg,,JPEG EXIF,,1.02,,.jpg,,"3,041",0.00%,,"4,553,204,416",4.6,GB,0.00%
334,54,44,image/jpeg,,JPEG EXIF,,1.1,,.jpeg,,6,0.00%,,"9,813,409",9.8,MB,0.00%
335,54,45,image/jpeg,,JPEG EXIF,,1.1,,.jpg,,"3,664",0.00%,,"4,884,921,412",4.9,GB,0.00%
336,54,46,image/jpeg,,JPEG EXIF,,1.2,,.jpeg,,1,0.00%,,"107,166",107.2,KB,0.00%
337,54,47,image/jpeg,,JPEG EXIF,,1.2,,.jpg,,229,0.00%,,"1,374,979,328",1.4,GB,0.00%
338,54,48,image/jpeg,,JPEG EXIF,,10,,.jpg,,"1,116",0.00%,,"1,601,040,995",1.6,GB,0.00%
339,54,49,image/jpeg,,JPEG EXIF,,10.1,,.jpg,,"8,109",0.01%,,"2,982,904,799",3,GB,0.00%
340,54,50,image/jpeg,,JPEG EXIF,,10.2,,.jpg,,199,0.00%,,"2,979,596,190",3,GB,0.00%
341,54,51,image/jpeg,,JPEG EXIF,,100,,.jpg,,2,0.00%,,"2,904,678",2.9,MB,0.00%
342,54,52,image/jpeg,,JPEG EXIF,,11,,.jpg,,26,0.00%,,"307,977,972",308,MB,0.00%
343,54,53,image/jpeg,,JPEG EXIF,,11.4,,.jpg,,1,0.00%,,"20,980,665",21,MB,0.00%
344,54,54,image/jpeg,,JPEG EXIF,,11.4.1,,.jpg,,1,0.00%,,"7,455,430",7.5,MB,0.00%
345,54,55,image/jpeg,,JPEG EXIF,,12,,.jpg,,166,0.00%,,"702,895,940",702.9,MB,0.00%
346,54,56,image/jpeg,,JPEG EXIF,,12,,.jpg,,5,0.00%,,"3,959,027",4,MB,0.00%
347,54,57,image/jpeg,,JPEG EXIF,,12.2,,.jpg,,8,0.00%,,"27,545,844",27.5,MB,0.00%
348,54,58,image/jpeg,,JPEG EXIF,,12.3,,.jpg,,7,0.00%,,"99,865,663",99.9,MB,0.00%
349,54,59,image/jpeg,,JPEG EXIF,,12.4,,.jpg,,3,0.00%,,"84,068,824",84.1,MB,0.00%
350,54,60,image/jpeg,,JPEG EXIF,,126,,.jpg,,81,0.00%,,"331,782,314",331.8,MB,0.00%
351,54,61,image/jpeg,,JPEG EXIF,,13,,.jpg,,"20,212",0.02%,,"9,581,427,186",9.6,GB,0.00%
352,54,62,image/jpeg,,JPEG EXIF,,13,,.jpg,,7,0.00%,,"50,757,425",50.8,MB,0.00%
353,54,63,image/jpeg,,JPEG EXIF,,13.3,,.jpg,,1,0.00%,,"1,257,829",1.3,MB,0.00%
354,54,64,image/jpeg,,JPEG EXIF,,130,,.jpg,,789,0.00%,,"284,996,069",285,MB,0.00%
355,54,65,image/jpeg,,JPEG EXIF,,138,,.jpg,,77,0.00%,,"106,289,510",106.3,MB,0.00%
356,54,66,image/jpeg,,JPEG EXIF,,14,,.jpg,,52,0.00%,,"172,554,769",172.6,MB,0.00%
357,54,67,image/jpeg,,JPEG EXIF,,14,,.jpg,,1,0.00%,,"2,595,744",2.6,MB,0.00%
358,54,68,image/jpeg,,JPEG EXIF,,14.2,,.jpg,,101,0.00%,,"218,997,012",219,MB,0.00%
359,54,69,image/jpeg,,JPEG EXIF,,15,,.jpg,,277,0.00%,,"196,279,197",196.3,MB,0.00%
360,54,70,image/jpeg,,JPEG EXIF,,15,,.jpg,,2,0.00%,,"2,791,193",2.8,MB,0.00%
361,54,71,image/jpeg,,JPEG EXIF,,15.2,,.jpg,,1,0.00%,,"2,724,504",2.7,MB,0.00%
362,54,72,image/jpeg,,JPEG EXIF,,15.3.1,,.jpg,,1,0.00%,,"12,137,679",12.1,MB,0.00%
363,54,73,image/jpeg,,JPEG EXIF,,150,,.jpg,,102,0.00%,,"705,921,486",705.9,MB,0.00%
364,54,74,image/jpeg,,JPEG EXIF,,16,,.jpg,,685,0.00%,,"1,260,128,572",1.3,GB,0.00%
365,54,75,image/jpeg,,JPEG EXIF,,17,,.jpg,,98,0.00%,,"450,341,845",450.3,MB,0.00%
366,54,76,image/jpeg,,JPEG EXIF,,2,,.jpg,,1,0.00%,,"2,294,043",2.3,MB,0.00%
367,54,77,image/jpeg,,JPEG EXIF,,2.1,,.jpg,,"3,175",0.00%,,"8,372,624,430",8.4,GB,0.00%
368,54,78,image/jpeg,,JPEG EXIF,,2.2,,.jpeg,,1,0.00%,,"4,418,922",4.4,MB,0.00%
369,54,79,image/jpeg,,JPEG EXIF,,2.2,,.jpg,,"15,107",0.01%,,"26,002,680,561",26,GB,0.00%
370,54,80,image/jpeg,,JPEG EXIF,,2.2.1,,.jpeg,,"3,811",0.00%,,"9,234,083,761",9.2,GB,0.00%
371,54,81,image/jpeg,,JPEG EXIF,,2.2.1,,.jpg,,"9,870",0.01%,,"21,481,420,423",21.5,GB,0.00%
372,54,82,image/jpeg,,JPEG EXIF,,2.2.1,,.png,,1,0.00%,,"165,099",165.1,KB,0.00%
373,54,83,image/jpeg,,JPEG EXIF,,2.21,,.jpg,,2,0.00%,,"10,680,626",10.7,MB,0.00%
374,54,84,image/jpeg,,JPEG EXIF,,2.3,,.jpg,,"12,547",0.01%,,"17,567,300,284",17.6,GB,0.00%
375,54,85,image/jpeg,,JPEG EXIF,,2.3.x,,.jpeg,,114,0.00%,,"239,272,459",239.3,MB,0.00%
376,54,86,image/jpeg,,JPEG EXIF,,2.3.x,,.jpg,,993,0.00%,,"11,820,627,046",11.8,GB,0.00%
377,54,87,image/jpeg,,JPEG EXIF,,2.31,,.jpg,,340,0.00%,,"786,608,030",786.6,MB,0.00%
378,54,88,image/jpeg,,JPEG EXIF,,2.32,,.jpeg,,2,0.00%,,"241,293",241.3,KB,0.00%
379,54,89,image/jpeg,,JPEG EXIF,,28,,.jpg,,10,0.00%,,"50,939,070",50.9,MB,0.00%
380,54,90,image/jpeg,,JPEG EXIF,,3,,.jpg,,1,0.00%,,"4,152,697",4.2,MB,0.00%
381,54,91,image/jpeg,,JPEG EXIF,,50,,.jpg,,58,0.00%,,"152,764,918",152.8,MB,0.00%
382,54,92,image/jpeg,,JPEG EXIF,,6.6,,.jpg,,1,0.00%,,"281,559",281.6,KB,0.00%
383,54,93,image/jpeg,,JPEG EXIF,,6.7,,.jpg,,10,0.00%,,"20,073,942",20.1,MB,0.00%
384,54,94,image/jpeg,,JPEG EXIF,,7.4,,.jpg,,107,0.00%,,"230,139,645",230.1,MB,0.00%
385,54,95,image/jpeg,,JPEG EXIF,,7100,,.jpg,,8,0.00%,,"12,547,674",12.5,MB,0.00%
386,54,96,image/jpeg,,JPEG EXIF,,74,,.jpg,,312,0.00%,,"798,355,239",798.4,MB,0.00%
387,54,97,image/jpeg,,JPEG EXIF,,8.3,,.jpg,,225,0.00%,,"3,104,037,819",3.1,GB,0.00%
388,54,98,image/jpeg,,JPEG EXIF,,8.53,,.jpg,,13,0.00%,,"1,478,050",1.5,MB,0.00%
389,54,99,image/jpeg,,JPEG EXIF,,8.6,,.jpg,,2,0.00%,,"18,427,887",18.4,MB,0.00%
390,54,100,image/jpeg,,JPEG EXIF,,8.64,,.jpg,,9,0.00%,,"1,756,120",1.8,MB,0.00%
391,54,101,image/jpeg,,JPEG EXIF,,8.7.1,,.jpg,,2,0.00%,,"21,188,131",21.2,MB,0.00%
392,54,102,image/jpeg,,JPEG EXIF,,86,,.jpg,,1,0.00%,,"330,664",330.7,KB,0.00%
393,54,103,image/jpeg,,JPEG EXIF,,9,,.jpg,,"137,053",0.12%,,"55,412,626,198",55.4,GB,0.01%
394,54,104,image/jpeg,,JPEG EXIF,,9.1,,.jpg,,2,0.00%,,"77,418,913",77.4,MB,0.00%
395,54,105,image/jpeg,,JPEG EXIF,,9.1.1,,.jpg,,7,0.00%,,"40,641,457",40.6,MB,0.00%
396,54,106,image/jpeg,,JPEG EXIF,,9.12,,.jpg,,53,0.00%,,"245,777,398",245.8,MB,0.00%
397,54,107,image/jpeg,,JPEG EXIF,,9.3,,.jpg,,86,0.00%,,"728,660,979",728.7,MB,0.00%
398,54,108,image/jpeg,,JPEG EXIF,,9.4,,.jpg,,88,0.00%,,"36,665,541",36.7,MB,0.00%
399,54,109,image/jpeg,,JPEG EXIF,,9.6,,.jpg,,1,0.00%,,"5,352,362",5.4,MB,0.00%
400,54,110,image/jpeg,,JPEG EXIF,,95.67,,.jpg,,1,0.00%,,"2,788,583",2.8,MB,0.00%
401,54,111,image/jpeg,,JPEG EXIF,,98,,.jpg,,97,0.00%,,"393,375,279",393.4,MB,0.00%
402,54,112,image/jpeg,,JPEG EXIF,,,,.jpeg,,638,0.00%,,"2,244,659,172",2.2,GB,0.00%
403,54,113,image/jpeg,,JPEG EXIF,,,,.jpg,,"9,511",0.01%,,"26,918,891,538",26.9,GB,0.00%
404,54,114,image/jpeg,,JPEG File Interchange Format,,1,,.jpe,,10,0.00%,,"327,273",327.3,KB,0.00%
405,54,115,image/jpeg,,JPEG File Interchange Format,,1,,.jpeg,,1,0.00%,,"7,287,380",7.3,MB,0.00%
406,54,116,image/jpeg,,JPEG File Interchange Format,,1,,.jpg,,"870,154",0.76%,,"184,735,658,854",184.7,GB,0.03%
407,54,117,image/jpeg,,JPEG File Interchange Format,,1.01,,.i1kg52150060,,1,0.00%,,"203,422",203.4,KB,0.00%
408,54,118,image/jpeg,,JPEG File Interchange Format,,1.01,,.i1kg52500562,,1,0.00%,,"214,757",214.8,KB,0.00%
409,54,119,image/jpeg,,JPEG File Interchange Format,,1.01,,.jpeg,,"9,729",0.01%,,"8,392,337,626",8.4,GB,0.00%
410,54,120,image/jpeg,,JPEG File Interchange Format,,1.01,,.jpg,,"3,783,958",3.30%,,"1,989,435,444,856",2,TB,0.37%
411,54,121,image/jpeg,,JPEG File Interchange Format,,1.01,,.tif,,"2,449",0.00%,,"410,650,668",410.7,MB,0.00%
412,54,122,image/jpeg,,JPEG File Interchange Format,,1.02,,.jp2,,1,0.00%,,"2,146,169",2.1,MB,0.00%
413,54,123,image/jpeg,,JPEG File Interchange Format,,1.02,,.jpeg,,"34,960",0.03%,,"23,774,776,883",23.8,GB,0.00%
414,54,124,image/jpeg,,JPEG File Interchange Format,,1.02,,.jpg,,"1,191,682",1.04%,,"851,104,334,666",851.1,GB,0.16%
415,54,125,image/jpeg,,JPEG File Interchange Format,,1.02,,.jpg~,,1,0.00%,,"1,321,869",1.3,MB,0.00%
416,54,126,image/jpeg,,JPEG File Interchange Format,,1.02,,.tif,,15,0.00%,,"54,780,459",54.8,MB,0.00%
417,54,127,image/jpeg,,JPEG File Interchange Format,,255.254,,.jpg,,1,0.00%,,"39,931",39.9,KB,0.00%
418,55,1,image/jpx,,JPX (JPEG 2000 part 2),,,,.jp2,,52,0.00%,,"225,421,964",225.4,MB,0.00%
419,56,1,image/pict,,PICT,,,,,,2,0.00%,,"93,894",93.9,KB,0.00%
420,57,1,image/png,,Portable Network Graphics,,1,,.png,,44,0.00%,,"14,977,395",15,MB,0.00%
421,57,2,image/png,,Portable Network Graphics,,1.1,,.png,,58,0.00%,,"16,900,439",16.9,MB,0.00%
422,57,3,image/png,,Portable Network Graphics,,1.2,,.png,,111,0.00%,,"24,973,636",25,MB,0.00%
423,58,1,image/svg+xml,,Scalable Vector Graphics (SVG),,1.1,,.svg,,2,0.00%,,"1,238",1.2,KB,0.00%
424,59,1,image/tiff,,Exchangeable Image File Format (Uncompressed),,2.1,,.tif,,656,0.00%,,"191,413,950,872",191.4,GB,0.04%
425,59,2,image/tiff,,Exchangeable Image File Format (Uncompressed),,2.2,,.tif,,"8,377",0.01%,,"537,144,008,406",537.1,GB,0.10%
426,59,3,image/tiff,,Geographic Tagged Image File Format (GeoTIFF),,,,.tif,,4,0.00%,,"15,996,593",16,MB,0.00%
427,59,4,image/tiff,,TIFF Baseline bilevel (Class B),,4,,.tif,,221,0.00%,,"3,501,448,068",3.5,GB,0.00%
428,59,5,image/tiff,,TIFF Baseline bilevel (Class B),,5,,.tif,,84,0.00%,,"1,924,014,716",1.9,GB,0.00%
429,59,6,image/tiff,,TIFF Baseline bilevel (Class B),,6,,.tif,,5,0.00%,,"31,852,900",31.9,MB,0.00%
430,59,7,image/tiff,,TIFF Baseline palette-color (Class P),,5,,.tif,,226,0.00%,,"1,490,639,911",1.5,GB,0.00%
431,59,8,image/tiff,,TIFF DLF Benchmark for Faithful Digital Reproductions of Monographs and Serials: color,,5,,.tif,,"10,928",0.01%,,"94,263,655,152",94.3,GB,0.02%
432,59,9,image/tiff,,TIFF DLF Benchmark for Faithful Digital Reproductions of Monographs and Serials: color,,6,,.tif,,"19,896",0.02%,,"572,115,812,556",572.1,GB,0.11%
433,59,10,image/tiff,,TIFF DLF Benchmark for Faithful Digital Reproductions of Monographs and Serials: color,,6,,.tiff,,72,0.00%,,"79,377,208",79.4,MB,0.00%
434,59,11,image/tiff,,TIFF DLF Benchmark for Faithful Digital Reproductions of Monographs and Serials: grayscale and white,,5,,.tif,,"2,578",0.00%,,"14,925,522,255",14.9,GB,0.00%
435,59,12,image/tiff,,TIFF DLF Benchmark for Faithful Digital Reproductions of Monographs and Serials: grayscale and white,,6,,.tif,,202,0.00%,,"2,176,073,366",2.2,GB,0.00%
436,59,13,image/tiff,,TIFF EXIF,,10,,.tif,,129,0.00%,,"31,703,011,942",31.7,GB,0.01%
437,59,14,image/tiff,,TIFF EXIF,,10.1,,.tif,,47,0.00%,,"2,494,449,050",2.5,GB,0.00%
438,59,15,image/tiff,,TIFF EXIF,,10.2,,.tif,,17,0.00%,,"1,128,426,532",1.1,GB,0.00%
439,59,16,image/tiff,,TIFF EXIF,,10.3,,.tif,,"1,897",0.00%,,"143,764,808,314",143.8,GB,0.03%
440,59,17,image/tiff,,TIFF EXIF,,10.4,,.tif,,29,0.00%,,"819,190,622",819.2,MB,0.00%
441,59,18,image/tiff,,TIFF EXIF,,10.5,,.tif,,54,0.00%,,"3,102,855,636",3.1,GB,0.00%
442,59,19,image/tiff,,TIFF EXIF,,11,,.tif,,371,0.00%,,"46,976,874,476",47,GB,0.01%
443,59,20,image/tiff,,TIFF EXIF,,11.1,,.tif,,657,0.00%,,"29,745,882,796",29.7,GB,0.01%
444,59,21,image/tiff,,TIFF EXIF,,11.2,,.tif,,"1,805",0.00%,,"137,092,191,022",137.1,GB,0.03%
445,59,22,image/tiff,,TIFF EXIF,,11.2.1,,.tif,,414,0.00%,,"48,419,427,172",48.4,GB,0.01%
446,59,23,image/tiff,,TIFF EXIF,,11.3,,.tif,,1,0.00%,,"95,470,464",95.5,MB,0.00%
447,59,24,image/tiff,,TIFF EXIF,,11.3.1,,.tif,,30,0.00%,,"1,821,746,044",1.8,GB,0.00%
448,59,25,image/tiff,,TIFF EXIF,,11.4.1,,.tif,,444,0.00%,,"17,596,277,312",17.6,GB,0.00%
449,59,26,image/tiff,,TIFF EXIF,,12,,.tif,,102,0.00%,,"11,084,185,622",11.1,GB,0.00%
450,59,27,image/tiff,,TIFF EXIF,,12.1,,.tif,,"1,423",0.00%,,"75,460,234,204",75.5,GB,0.01%
451,59,28,image/tiff,,TIFF EXIF,,12.2,,.tif,,4,0.00%,,"235,507,300",235.5,MB,0.00%
452,59,29,image/tiff,,TIFF EXIF,,12.4,,.tif,,744,0.00%,,"17,990,802,554",18,GB,0.00%
453,59,30,image/tiff,,TIFF EXIF,,13,,.tif,,6,0.00%,,"388,299,550",388.3,MB,0.00%
454,59,31,image/tiff,,TIFF EXIF,,13.0.2,,.tif,,27,0.00%,,"2,662,934,992",2.7,GB,0.00%
455,59,32,image/tiff,,TIFF EXIF,,13.1,,.tif,,594,0.00%,,"36,274,804,544",36.3,GB,0.01%
456,59,33,image/tiff,,TIFF EXIF,,13.2,,.tif,,305,0.00%,,"17,661,970,406",17.7,GB,0.00%
457,59,34,image/tiff,,TIFF EXIF,,13.3,,.tif,,"1,238",0.00%,,"99,517,826,894",99.5,GB,0.02%
458,59,35,image/tiff,,TIFF EXIF,,14,,.tif,,28,0.00%,,"2,529,708,430",2.5,GB,0.00%
459,59,36,image/tiff,,TIFF EXIF,,14.0.1,,.tif,,26,0.00%,,"9,788,342,292",9.8,GB,0.00%
460,59,37,image/tiff,,TIFF EXIF,,14.1,,.tif,,12,0.00%,,"429,361,138",429.4,MB,0.00%
461,59,38,image/tiff,,TIFF EXIF,,14.3,,.tif,,250,0.00%,,"13,868,013,162",13.9,GB,0.00%
462,59,39,image/tiff,,TIFF EXIF,,2,,.tif,,2,0.00%,,"20,300,212",20.3,MB,0.00%
463,59,40,image/tiff,,TIFF EXIF,,2.1,,.tif,,"15,319",0.01%,,"4,040,080,295,664",4,TB,0.75%
464,59,41,image/tiff,,TIFF EXIF,,2.1,,.tiff,,27,0.00%,,"6,191,183,314",6.2,GB,0.00%
465,59,42,image/tiff,,TIFF EXIF,,2.2,,.jpg,,3,0.00%,,"399,537,660",399.5,MB,0.00%
466,59,43,image/tiff,,TIFF EXIF,,2.2,,.tif,,"22,326",0.02%,,"2,985,108,644,286",3,TB,0.55%
467,59,44,image/tiff,,TIFF EXIF,,2.3,,.tif,,"3,528",0.00%,,"66,462,940,928",66.5,GB,0.01%
468,59,45,image/tiff,,TIFF EXIF,,2.4,,.tif,,"15,498",0.01%,,"258,463,367,729",258.5,GB,0.05%
469,59,46,image/tiff,,TIFF EXIF,,2.4x101,,.tif,,365,0.00%,,"7,124,985,428",7.1,GB,0.00%
470,59,47,image/tiff,,TIFF EXIF,,3,,.tif,,"31,712",0.03%,,"556,981,615,546",557,GB,0.10%
471,59,48,image/tiff,,TIFF EXIF,,3.2,,.tif,,"26,932",0.02%,,"486,321,594,532",486.3,GB,0.09%
472,59,49,image/tiff,,TIFF EXIF,,3.3,,.tif,,2,0.00%,,"36,683,996",36.7,MB,0.00%
473,59,50,image/tiff,,TIFF EXIF,,3.4x89,,.tif,,42,0.00%,,"1,640,091,176",1.6,GB,0.00%
474,59,51,image/tiff,,TIFF EXIF,,3.6,,.tif,,"4,097",0.00%,,"120,408,101,884",120.4,GB,0.02%
475,59,52,image/tiff,,TIFF EXIF,,3.7,,.tif,,"16,314",0.01%,,"316,394,575,592",316.4,GB,0.06%
476,59,53,image/tiff,,TIFF EXIF,,4,,.tif,,"1,374",0.00%,,"46,436,717,212",46.4,GB,0.01%
477,59,54,image/tiff,,TIFF EXIF,,4.3.1,,.tif,,20,0.00%,,"310,436,048",310.4,MB,0.00%
478,59,55,image/tiff,,TIFF EXIF,,4.4.1,,.tif,,15,0.00%,,"446,117,800",446.1,MB,0.00%
479,59,56,image/tiff,,TIFF EXIF,,4.5,,.tif,,6,0.00%,,"426,770,364",426.8,MB,0.00%
480,59,57,image/tiff,,TIFF EXIF,,4.6,,.tif,,49,0.00%,,"1,526,022,068",1.5,GB,0.00%
481,59,58,image/tiff,,TIFF EXIF,,5,,.tif,,"4,975",0.00%,,"397,161,355,444",397.2,GB,0.07%
482,59,59,image/tiff,,TIFF EXIF,,5.2,,.tif,,784,0.00%,,"64,094,471,748",64.1,GB,0.01%
483,59,60,image/tiff,,TIFF EXIF,,5.3,,.tif,,54,0.00%,,"3,254,180,804",3.3,GB,0.00%
484,59,61,image/tiff,,TIFF EXIF,,5.4,,.tif,,61,0.00%,,"3,986,831,668",4,GB,0.00%
485,59,62,image/tiff,,TIFF EXIF,,5.5,,.tif,,15,0.00%,,"501,128,910",501.1,MB,0.00%
486,59,63,image/tiff,,TIFF EXIF,,5.6,,.tif,,447,0.00%,,"89,306,784,672",89.3,GB,0.02%
487,59,64,image/tiff,,TIFF EXIF,,5.6,,.tiff,,1,0.00%,,"7,723,416",7.7,MB,0.00%
488,59,65,image/tiff,,TIFF EXIF,,5.7,,.tif,,"1,668",0.00%,,"128,821,442,808",128.8,GB,0.02%
489,59,66,image/tiff,,TIFF EXIF,,6,,.jpg,,1,0.00%,,"657,044",657,KB,0.00%
490,59,67,image/tiff,,TIFF EXIF,,6,,.tif,,"150,383",0.13%,,"18,851,408,979,106",18.9,TB,3.48%
491,59,68,image/tiff,,TIFF EXIF,,6,,.tiff,,694,0.00%,,"41,481,458,864",41.5,GB,0.01%
492,59,69,image/tiff,,TIFF EXIF,,6.2,,.tif,,8,0.00%,,"850,300,342",850.3,MB,0.00%
493,59,70,image/tiff,,TIFF EXIF,,6.3,,.tif,,18,0.00%,,"3,190,183,650",3.2,GB,0.00%
494,59,71,image/tiff,,TIFF EXIF,,6.5,,.tif,,3,0.00%,,"198,247,720",198.2,MB,0.00%
495,59,72,image/tiff,,TIFF EXIF,,6.6,,.tif,,207,0.00%,,"6,003,067,910",6,GB,0.00%
496,59,73,image/tiff,,TIFF EXIF,,6.7,,.tif,,98,0.00%,,"8,028,124,096",8,GB,0.00%
497,59,74,image/tiff,,TIFF EXIF,,7,,.tif,,124,0.00%,,"8,451,844,968",8.5,GB,0.00%
498,59,75,image/tiff,,TIFF EXIF,,7.1,,.tif,,3,0.00%,,"37,379,744",37.4,MB,0.00%
499,59,76,image/tiff,,TIFF EXIF,,7.3,,.tif,,2,0.00%,,"135,255,160",135.3,MB,0.00%
500,59,77,image/tiff,,TIFF EXIF,,8.1,,.tif,,1,0.00%,,"124,418,768",124.4,MB,0.00%
501,59,78,image/tiff,,TIFF EXIF,,8.2,,.tif,,43,0.00%,,"16,455,996,752",16.5,GB,0.00%
502,59,79,image/tiff,,TIFF EXIF,,8.3,,.tif,,"1,591",0.00%,,"36,677,235,018",36.7,GB,0.01%
503,59,80,image/tiff,,TIFF EXIF,,8.3,,.tiff,,1,0.00%,,"22,783,916",22.8,MB,0.00%
504,59,81,image/tiff,,TIFF EXIF,,8.4,,.tif,,21,0.00%,,"2,157,049,934",2.2,GB,0.00%
505,59,82,image/tiff,,TIFF EXIF,,8.5,,.tif,,10,0.00%,,"792,199,076",792.2,MB,0.00%
506,59,83,image/tiff,,TIFF EXIF,,8.6,,.tif,,282,0.00%,,"16,104,404,508",16.1,GB,0.00%
507,59,84,image/tiff,,TIFF EXIF,,8.7,,.tif,,"5,145",0.00%,,"65,449,687,065",65.4,GB,0.01%
508,59,85,image/tiff,,TIFF EXIF,,8.7.1,,.tif,,635,0.00%,,"26,006,331,967",26,GB,0.00%
509,59,86,image/tiff,,TIFF EXIF,,8.8,,.tif,,1,0.00%,,"43,289,192",43.3,MB,0.00%
510,59,87,image/tiff,,TIFF EXIF,,9,,.tif,,"1,689",0.00%,,"97,887,691,244",97.9,GB,0.02%
511,59,88,image/tiff,,TIFF EXIF,,9,,.tiff,,4,0.00%,,"183,752,800",183.8,MB,0.00%
512,59,89,image/tiff,,TIFF EXIF,,9.1,,.tif,,240,0.00%,,"2,902,593,328",2.9,GB,0.00%
513,59,90,image/tiff,,TIFF EXIF,,9.1.1,,.tif,,"5,100",0.00%,,"283,371,498,076",283.4,GB,0.05%
514,59,91,image/tiff,,TIFF EXIF,,9.1,,.tif,,3,0.00%,,"533,733,398",533.7,MB,0.00%
515,59,92,image/tiff,,TIFF EXIF,,9.10.1,,.tif,,40,0.00%,,"1,553,704,170",1.6,GB,0.00%
516,59,93,image/tiff,,TIFF EXIF,,9.12,,.tif,,298,0.00%,,"69,606,917,186",69.6,GB,0.01%
517,59,94,image/tiff,,TIFF EXIF,,9.12.1,,.tif,,41,0.00%,,"264,188,760",264.2,MB,0.00%
518,59,95,image/tiff,,TIFF EXIF,,9.3,,.tif,,6,0.00%,,"186,711,500",186.7,MB,0.00%
519,59,96,image/tiff,,TIFF EXIF,,9.3.1,,.tif,,1,0.00%,,"141,144,324",141.1,MB,0.00%
520,59,97,image/tiff,,TIFF EXIF,,9.5.1,,.tif,,4,0.00%,,"114,121,784",114.1,MB,0.00%
521,59,98,image/tiff,,TIFF EXIF,,9.6.1,,.tif,,396,0.00%,,"18,844,658,624",18.8,GB,0.00%
522,59,99,image/tiff,,TIFF EXIF,,9.7,,.tif,,1,0.00%,,"52,809,688",52.8,MB,0.00%
523,59,100,image/tiff,,TIFF EXIF,,9.9,,.tif,,6,0.00%,,"286,835,754",286.8,MB,0.00%
524,59,101,image/tiff,,TIFF EXIF,,,,.i1kg40220028,,1,0.00%,,"208,997",209,KB,0.00%
525,59,102,image/tiff,,TIFF EXIF,,,,.i1kg40220029,,1,0.00%,,"192,256",192.3,KB,0.00%
526,59,103,image/tiff,,TIFF EXIF,,,,.i1kg40320370,,1,0.00%,,"43,499",43.5,KB,0.00%
527,59,104,image/tiff,,TIFF EXIF,,,,.i3cn85560001,,1,0.00%,,"14,028",14,KB,0.00%
528,59,105,image/tiff,,TIFF EXIF,,,,.jp2,,5,0.00%,,"635,993,706",636,MB,0.00%
529,59,106,image/tiff,,TIFF EXIF,,,,.jpg,,"3,389",0.00%,,"614,213,260",614.2,MB,0.00%
530,59,107,image/tiff,,TIFF EXIF,,,,.tif,,"8,072,356",7.05%,,"17,229,027,659,605",17.2,TB,3.18%
531,59,108,image/tiff,,TIFF EXIF,,,,.tif-,,1,0.00%,,"10,749,792",10.7,MB,0.00%
532,59,109,image/tiff,,TIFF EXIF,,,,.tiff,,"97,572",0.09%,,"7,533,861,345",7.5,GB,0.00%
533,59,110,image/tiff,,TIFF EXIF,,,,.tif~,,9,0.00%,,"25,423,922",25.4,MB,0.00%
534,59,111,image/tiff,,TIFF EXIF,,,,.tif的副本,,1,0.00%,,"22,136",22.1,KB,0.00%
535,59,112,image/tiff,,TIFF TIFF/IT-CT (ISO 12639:1998),,6,,.tif,,9,0.00%,,"1,305,352,492",1.3,GB,0.00%
536,59,113,image/tiff,,TIFF TIFF/IT-MP (ISO 12639:1998),,4,,.tif,,114,0.00%,,"5,273,496,486",5.3,GB,0.00%
537,59,114,image/tiff,,TIFF TIFF/IT-MP (ISO 12639:1998),,5,,.tif,,624,0.00%,,"57,390,263,120",57.4,GB,0.01%
538,59,115,image/tiff,,TIFF TIFF/IT-MP (ISO 12639:1998),,6,,.tif,,"33,938",0.03%,,"1,300,261,994,032",1.3,TB,0.24%
539,59,116,image/tiff,,Tagged Image File Format,,3.6,,.tif,,38,0.00%,,"5,030,316,676",5,GB,0.00%
540,59,117,image/tiff,,Tagged Image File Format,,4,,.tif,,"483,728",0.42%,,"106,410,844,011",106.4,GB,0.02%
541,59,118,image/tiff,,Tagged Image File Format,,5,,.tif,,"12,746,314",11.13%,,"2,127,601,379,871",2.1,TB,0.39%
542,59,119,image/tiff,,Tagged Image File Format,,5,,.tiff,,1,0.00%,,"9,317,294",9.3,MB,0.00%
543,59,120,image/tiff,,Tagged Image File Format,,6,,.jpg,,95,0.00%,,"859,210,886",859.2,MB,0.00%
544,59,121,image/tiff,,Tagged Image File Format,,6,,.tif,,"1,272,382",1.11%,,"34,420,073,516,980",34.4,TB,6.36%
545,59,122,image/tiff,,Tagged Image File Format,,6,,.tiff,,30,0.00%,,"453,226,242",453.2,MB,0.00%
546,59,123,image/tiff,,Tagged Image File Format,,6.5,,.tif,,2,0.00%,,"50,755,148",50.8,MB,0.00%
547,59,124,image/tiff,,Tagged Image File Format,,6.7,,.tif,,11,0.00%,,"504,878,770",504.9,MB,0.00%
548,59,125,image/tiff,,Tagged Image File Format,,7.4,,.tif,,4,0.00%,,"255,370,540",255.4,MB,0.00%
549,59,126,image/tiff,,Tagged Image File Format,,8.2,,.tif,,143,0.00%,,"7,204,493,868",7.2,GB,0.00%
550,59,127,image/tiff,,Tagged Image File Format,,8.3,,.tif,,"1,909",0.00%,,"24,241,670,922",24.2,GB,0.00%
551,59,128,image/tiff,,Tagged Image File Format,,8.5,,.tif,,2,0.00%,,"52,339,080",52.3,MB,0.00%
552,59,129,image/tiff,,Tagged Image File Format,,8.6,,.tif,,274,0.00%,,"10,222,119,936",10.2,GB,0.00%
553,59,130,image/tiff,,Tagged Image File Format,,9,,.tif,,446,0.00%,,"8,530,226,142",8.5,GB,0.00%
554,59,131,image/tiff,,Tagged Image File Format,,9.1,,.tif,,1,0.00%,,"234,856,040",234.9,MB,0.00%
555,59,132,image/tiff,,Tagged Image File Format,,9.1.1,,.tif,,522,0.00%,,"6,077,060,162",6.1,GB,0.00%
556,59,133,image/tiff,,Tagged Image File Format,,,,.tif,,"13,039",0.01%,,"122,669,823,723",122.7,GB,0.02%
557,59,134,image/tiff,,Tagged Image File Format for Image Technology (TIFF/IT),,,,.tif,,118,0.00%,,"71,987,174",72,MB,0.00%
558,60,1,image/vnd.adobe.photoshop,,Adobe Photoshop,,,,.psd,,23,0.00%,,"4,181,455,940",4.2,GB,0.00%
559,61,1,image/vnd.fpx,,FPX,,,,.mpp,,5,0.00%,,"1,675,264",1.7,MB,0.00%
560,61,2,image/vnd.fpx,,FPX,,,,.msg,,2,0.00%,,"501,248",501.2,KB,0.00%
561,61,3,image/vnd.fpx,,FPX,,,,.pmd,,1,0.00%,,"6,121,472",6.1,MB,0.00%
562,61,4,image/vnd.fpx,,FPX,,,,.wpd,,2,0.00%,,"580,608",580.6,KB,0.00%
563,61,5,image/vnd.fpx,,FPX,,,,,,1,0.00%,,"128,512",128.5,KB,0.00%
564,62,1,image/x-adobe-dng,,Digital Negative (DNG),,1.1,,.dng,,2,0.00%,,"27,324",27.3,KB,0.00%
565,62,2,image/x-adobe-dng,,Digital Negative (DNG),,1.3,,.dng,,2,0.00%,,"41,828,596",41.8,MB,0.00%
566,63,1,image/x-photo-cd,,PCD,,,,.pcd,,"7,244",0.01%,,"37,372,250,112",37.4,GB,0.01%
567,64,1,message/rfc822,,Internet Message Format,,,,.eml,,290,0.00%,,"12,431,038",12.4,MB,0.00%
568,64,2,message/rfc822,,MIME Email,,1,,.eml,,47,0.00%,,"333,998",334,KB,0.00%
569,64,3,message/rfc822,,MIME Email,,1,,.mbox,,2,0.00%,,"3,862,135",3.9,MB,0.00%
570,64,4,message/rfc822,,RFC 822 mail text,,,,.eml,,13,0.00%,,"45,875",45.9,KB,0.00%
571,65,1,text/css,,Cascading Style Sheet,,,,.css,,25,0.00%,,"1,110,853",1.1,MB,0.00%
572,66,1,text/csv,,Comma-Separated Values (CSV),,,,.csv,,163,0.00%,,"462,681,694",462.7,MB,0.00%
573,67,1,text/html,,Hypertext Markup Language,,1,,.html,,2,0.00%,,"14,108",14.1,KB,0.00%
574,67,2,text/html,,Hypertext Markup Language,,3.2,,.eml,,3,0.00%,,"316,337",316.3,KB,0.00%
575,67,3,text/html,,Hypertext Markup Language,,4,,.eml,,58,0.00%,,"2,056,406",2.1,MB,0.00%
576,67,4,text/html,,Hypertext Markup Language,,4,,.html,,23,0.00%,,"72,900",72.9,KB,0.00%
577,67,5,text/html,,Hypertext Markup Language,,4,,.txt,,5,0.00%,,"10,867",10.9,KB,0.00%
578,67,6,text/html,,Hypertext Markup Language,,4,,.xls,,1,0.00%,,"62,020",62,KB,0.00%
579,67,7,text/html,,Hypertext Markup Language,,4.01,,.htm,,1,0.00%,,"5,167",5.2,KB,0.00%
580,67,8,text/html,,Hypertext Markup Language,,5,,.html,,51,0.00%,,"12,554,128",12.6,MB,0.00%
581,67,9,text/html,,Hypertext Markup Language,,5,,.vtt,,1,0.00%,,"8,388",8.4,KB,0.00%
582,67,10,text/html,,Hypertext Markup Language,,,,.arc,,1,0.00%,,"133,017,044",133,MB,0.00%
583,67,11,text/html,,Hypertext Markup Language,,,,.eml,,2,0.00%,,"4,468",4.5,KB,0.00%
584,67,12,text/html,,Hypertext Markup Language,,,,.htm,,2,0.00%,,"56,308",56.3,KB,0.00%
585,67,13,text/html,,Hypertext Markup Language,,,,.html,,"1,665",0.00%,,"13,040,347",13,MB,0.00%
586,67,14,text/html,,Hypertext Markup Language,,,,.ipynb,,1,0.00%,,"509,383",509.4,KB,0.00%
587,67,15,text/html,,Hypertext Markup Language,,,,.txt,,220,0.00%,,"12,423,807",12.4,MB,0.00%
588,68,1,text/plain,,Microsoft Internet Shortcut,,,,.url,,2,0.00%,,226,226,B,0.00%
589,68,2,text/plain,,Plain text,,,,.as,,2,0.00%,,"14,858",14.9,KB,0.00%
590,68,3,text/plain,,Plain text,,,,.bat,,7,0.00%,,"1,309",1.3,KB,0.00%
591,68,4,text/plain,,Plain text,,,,.bg,,24,0.00%,,"137,671",137.7,KB,0.00%
592,68,5,text/plain,,Plain text,,,,.c,,1,0.00%,,"5,895",5.9,KB,0.00%
593,68,6,text/plain,,Plain text,,,,.csv,,2,0.00%,,"64,574",64.6,KB,0.00%
594,68,7,text/plain,,Plain text,,,,.doc,,26,0.00%,,"69,385",69.4,KB,0.00%
595,68,8,text/plain,,Plain text,,,,.eml,,"2,154",0.00%,,"140,281,112",140.3,MB,0.00%
596,68,9,text/plain,,Plain text,,,,.fasta,,1,0.00%,,"51,728,673",51.7,MB,0.00%
597,68,10,text/plain,,Plain text,,,,.html,,1,0.00%,,228,228,B,0.00%
598,68,11,text/plain,,Plain text,,,,.inf,,2,0.00%,,652,652,B,0.00%
599,68,12,text/plain,,Plain text,,,,.ipynb,,7,0.00%,,"1,488,217",1.5,MB,0.00%
600,68,13,text/plain,,Plain text,,,,.j2w,,"3,199",0.00%,,"411,895",411.9,KB,0.00%
601,68,14,text/plain,,Plain text,,,,.j2wx,,297,0.00%,,"37,607",37.6,KB,0.00%
602,68,15,text/plain,,Plain text,,,,.java,,1,0.00%,,"6,284",6.3,KB,0.00%
603,68,16,text/plain,,Plain text,,,,.jp2,,5,0.00%,,5,5,B,0.00%
604,68,17,text/plain,,Plain text,,,,.ldb,,2,0.00%,,128,128,B,0.00%
605,68,18,text/plain,,Plain text,,,,.log,,"6,446",0.01%,,"71,894,700,244",71.9,GB,0.01%
606,68,19,text/plain,,Plain text,,,,.m,,6,0.00%,,"19,504",19.5,KB,0.00%
607,68,20,text/plain,,Plain text,,,,.ml,,3,0.00%,,"20,199",20.2,KB,0.00%
608,68,21,text/plain,,Plain text,,,,.mtl,,1,0.00%,,157,157,B,0.00%
609,68,22,text/plain,,Plain text,,,,.obj,,37,0.00%,,"25,150,919",25.2,MB,0.00%
610,68,23,text/plain,,Plain text,,,,.pdf,,2,0.00%,,"8,166",8.2,KB,0.00%
611,68,24,text/plain,,Plain text,,,,.py,,7,0.00%,,"147,273",147.3,KB,0.00%
612,68,25,text/plain,,Plain text,,,,.r,,7,0.00%,,"48,873",48.9,KB,0.00%
613,68,26,text/plain,,Plain text,,,,.rdp,,4,0.00%,,"5,280",5.3,KB,0.00%
614,68,27,text/plain,,Plain text,,,,.sb-3f33204c-andv8e,,1,0.00%,,20,20,B,0.00%
615,68,28,text/plain,,Plain text,,,,.sb-3f33204c-g04q0a,,1,0.00%,,20,20,B,0.00%
616,68,29,text/plain,,Plain text,,,,.sb-5e0efef4-4khfzd,,1,0.00%,,20,20,B,0.00%
617,68,30,text/plain,,Plain text,,,,.sb-5e0efef4-wjmlne,,1,0.00%,,20,20,B,0.00%
618,68,31,text/plain,,Plain text,,,,.sb-66e45e2c-txkyhd,,1,0.00%,,20,20,B,0.00%
619,68,32,text/plain,,Plain text,,,,.sb-66e45e2c-vqtbcy,,1,0.00%,,20,20,B,0.00%
620,68,33,text/plain,,Plain text,,,,.slk,,2,0.00%,,"1,558,018",1.6,MB,0.00%
621,68,34,text/plain,,Plain text,,,,.sql,,2,0.00%,,"1,928",1.9,KB,0.00%
622,68,35,text/plain,,Plain text,,,,.srt,,167,0.00%,,"9,734,391",9.7,MB,0.00%
623,68,36,text/plain,,Plain text,,,,.stats,,1,0.00%,,"3,512",3.5,KB,0.00%
624,68,37,text/plain,,Plain text,,,,.tdf,,147,0.00%,,"2,891,961",2.9,MB,0.00%
625,68,38,text/plain,,Plain text,,,,.tfw,,"1,401",0.00%,,"160,138",160.1,KB,0.00%
626,68,39,text/plain,,Plain text,,,,.tfwx,,656,0.00%,,"81,823",81.8,KB,0.00%
627,68,40,text/plain,,Plain text,,,,.txt,,"29,519,295",25.77%,,"88,363,147,030",88.4,GB,0.02%
628,68,41,text/plain,,Plain text,,,,.v,,3,0.00%,,"36,013",36,KB,0.00%
629,68,42,text/plain,,Plain text,,,,.xls,,7,0.00%,,"49,801,488",49.8,MB,0.00%
630,68,43,text/plain,,Plain text,,,,.xml,,1,0.00%,,"490,925",490.9,KB,0.00%
631,68,44,text/plain,,Plain text,,,,,,3,0.00%,,"12,759",12.8,KB,0.00%
632,69,1,text/sgml,,Standard Generalized Markup Language,,,,.sgm,,10,0.00%,,"415,153",415.2,KB,0.00%
633,69,2,text/sgml,,Standard Generalized Markup Language,,,,.sgml,,2,0.00%,,"204,340",204.3,KB,0.00%
634,70,1,text/turtle,,Turtle,,,,.ttl,,"1,615",0.00%,,"482,806,189",482.8,MB,0.00%
635,71,1,text/vtt,,WebVTT,,,,.vtt,,"4,053",0.00%,,"274,777,753",274.8,MB,0.00%
636,72,1,text/x-adl,,Audio Decision List,,1,,.adl,,"19,011",0.02%,,"40,729,901",40.7,MB,0.00%
637,72,2,text/x-adl,,Audio Decision List,,1.01,,.adl,,210,0.00%,,"428,289",428.3,KB,0.00%
638,72,3,text/x-adl,,Audio Decision List,,01.01.00.00.03,,.adl,,"28,328",0.02%,,"72,680,886",72.7,MB,0.00%
639,73,1,text/x-java,,"ASCII Java program text, with CRLF line terminators",,,,.java,,2,0.00%,,"12,568",12.6,KB,0.00%
640,74,1,text/x-mail,,"ASCII mail text, with CR line terminators",,,,.doc,,1,0.00%,,"1,997",2,KB,0.00%
641,75,1,text/xml,,Extensible Markup Language,,1,,.bak,,310,0.00%,,"744,602",744.6,KB,0.00%
642,75,2,text/xml,,Extensible Markup Language,,1,,.conf,,2,0.00%,,"3,164",3.2,KB,0.00%
643,75,3,text/xml,,Extensible Markup Language,,1,,.sequ,,1,0.00%,,"2,299",2.3,KB,0.00%
644,75,4,text/xml,,Extensible Markup Language,,1,,.svg,,7,0.00%,,"9,481",9.5,KB,0.00%
645,75,5,text/xml,,Extensible Markup Language,,1,,.xml,,"11,156,724",9.74%,,"755,610,833,387",755.6,GB,0.14%
646,75,6,text/xml,,Extensible Markup Language,,1,,,,3,0.00%,,"24,275",24.3,KB,0.00%
647,76,1,video/avi,,AVI,,,,.avi,,17,0.00%,,"200,534,828",200.5,MB,0.00%
648,77,1,video/mp4,,"ISO Media, MPEG v4 system, iTunes AVC-LC",,,,.m4v,,1,0.00%,,"920,597",920.6,KB,0.00%
649,77,2,video/mp4,,"ISO Media, MPEG v4 system, version 1",,,,.mp4,,1,0.00%,,"5,526,563",5.5,MB,0.00%
650,77,3,video/mp4,,"ISO Media, MPEG v4 system, version 2",,,,.mov,,1,0.00%,,"34,947,342",34.9,MB,0.00%
651,77,4,video/mp4,,"ISO Media, MPEG v4 system, version 2",,,,.mp4,,5,0.00%,,"200,384,331",200.4,MB,0.00%
652,77,5,video/mp4,,MPEG-4,,,,.ismv,,2,0.00%,,"201,678",201.7,KB,0.00%
653,77,6,video/mp4,,MPEG-4,,,,.m4v,,4,0.00%,,"161,335,916",161.3,MB,0.00%
654,77,7,video/mp4,,MPEG-4,,,,.mov,,2,0.00%,,"4,096,557,513",4.1,GB,0.00%
655,77,8,video/mp4,,MPEG-4,,,,.mp4,,"8,489",0.01%,,"14,154,856,673,288",14.2,TB,2.61%
656,78,1,video/mpeg,,"MPEG sequence, v1, system multiplex",,,,.mpg,,1,0.00%,,"10,946,560",10.9,MB,0.00%
657,78,2,video/mpeg,,"MPEG sequence, v2, program multiplex",,,,.mpg,,3,0.00%,,"2,183,168",2.2,MB,0.00%
658,79,1,video/mpg,,MPEG Video,,,,.m2v,,2,0.00%,,"4,757,552",4.8,MB,0.00%
659,80,1,video/quicktime,,"ISO Media, Apple QuickTime movie",,,,.mov,,60,0.00%,,"579,280,787",579.3,MB,0.00%
660,80,2,video/quicktime,,Quicktime,,,,.m4v,,6,0.00%,,"194,795,643",194.8,MB,0.00%
661,80,3,video/quicktime,,Quicktime,,,,.mov,,"6,137",0.01%,,"152,955,651,619,761",153,TB,28.25%
662,80,4,video/quicktime,,Quicktime,,,,.mp4,,"6,131",0.01%,,"12,095,490,783,390",12.1,TB,2.23%
663,81,1,video/x-matroska,,Matroska,,,,.mkv,,2,0.00%,,"84,496",84.5,KB,0.00%
664,82,1,video/x-ms-asf,,Microsoft ASF,,,,.wmv,,6,0.00%,,"17,806,972",17.8,MB,0.00%
665,83,1,video/x-ms-wmv,,Windows Media Video,,,,.wmv,,2,0.00%,,"23,919,143",23.9,MB,0.00%
666,84,1,video/x-msvideo,,Audio/Video Interleaved Format,,,,.avi,,25,0.00%,,"349,959,590",350,MB,0.00%
,,,,,,,,,,,,,,,,,
,,,,,,,,,,,"114,570,281",,,"541,358,033,106,413",541.4,TB,
